Month Of reporting,झोन ?, प्रभागातील तपासलेली एकूण घरे ,प्रभागातील  तपासलेल्या एकूण घरांपैकी दुषित आढळलेल्या घरांची संख्या , प्रभागातील  तपासलेली एकूण भांडी , प्रभागातील  तपासलेल्या एकूण भांडी पैकी  दुषित आढळलेल्या भांड्यांची  संख्या ,HI,CI,BI
,,0,0,0,0,,,
,1 LAXMI NAGAR ZONE 1,0,0,0,0,,,
,2 DHARAMPETH ZONE 2,0,0,0,0,,,
,3 HANUMAN NAGAR ZONE 3,0,0,0,0,,,
,4 DHANTOLI ZONE 4,0,0,0,0,,,
,5 NEHARU NAGAR ZONE 5,0,0,0,0,,,
,6 GANDHIBAGH ZONE 6,0,0,0,0,,,
,7 SATRANJIPURA ZONE 7,0,0,0,0,,,
,8 LAKADGANJ ZONE 8,0,0,0,0,,,
,9 ASHI NAGAR ZONE 9,0,0,0,0,,,
,MANGALWARI ZONE 10,0,0,0,0,,,
 Total,,0,0,0,0,,,
April 2025,1 LAXMI NAGAR ZONE 1,0,0,0,0,,,
,2 DHARAMPETH ZONE 2,0,0,0,0,,,
,3 HANUMAN NAGAR ZONE 3,0,0,0,0,,,
,4 DHANTOLI ZONE 4,0,0,0,0,,,
,5 NEHARU NAGAR ZONE 5,0,0,0,0,,,
,6 GANDHIBAGH ZONE 6,0,0,0,0,,,
,7 SATRANJIPURA ZONE 7,0,0,0,0,,,
,8 LAKADGANJ ZONE 8,0,0,0,0,,,
,9 ASHI NAGAR ZONE 9,0,0,0,0,,,
,MANGALWARI ZONE 10,0,0,0,0,,,
April 2025 Total,,0,0,0,0,,,
May 2025,1 LAXMI NAGAR ZONE 1,0,0,0,0,,,
,2 DHARAMPETH ZONE 2,0,0,0,0,,,
,3 HANUMAN NAGAR ZONE 3,0,0,0,0,,,
,4 DHANTOLI ZONE 4,0,0,0,0,,,
,5 NEHARU NAGAR ZONE 5,0,0,0,0,,,
,6 GANDHIBAGH ZONE 6,0,0,0,0,,,
,7 SATRANJIPURA ZONE 7,0,0,0,0,,,
,8 LAKADGANJ ZONE 8,0,0,0,0,,,
,9 ASHI NAGAR ZONE 9,0,0,0,0,,,
,MANGALWARI ZONE 10,0,0,0,0,,,
May 2025 Total,,0,0,0,0,,,
June 2025,1 LAXMI NAGAR ZONE 1,0,0,0,0,,,
,2 DHARAMPETH ZONE 2,0,0,0,0,,,
,3 HANUMAN NAGAR ZONE 3,0,0,0,0,,,
,4 DHANTOLI ZONE 4,0,0,0,0,,,
,5 NEHARU NAGAR ZONE 5,0,0,0,0,,,
,6 GANDHIBAGH ZONE 6,0,0,0,0,,,
,7 SATRANJIPURA ZONE 7,0,0,0,0,,,
,8 LAKADGANJ ZONE 8,0,0,0,0,,,
,9 ASHI NAGAR ZONE 9,0,0,0,0,,,
,MANGALWARI ZONE 10,0,0,0,0,,,
June 2025 Total,,0,0,0,0,,,
July 2025,1 LAXMI NAGAR ZONE 1,3792,51,29176,581,1.3,2.0,15.3
,2 DHARAMPETH ZONE 2,12026,63,26392,406,0.5,1.5,3.4
,3 HANUMAN NAGAR ZONE 3,18434,47,37883,1934,0.3,5.1,10.5
,4 DHANTOLI ZONE 4,11676,26,40816,494,0.2,1.2,4.2
,5 NEHARU NAGAR ZONE 5,10176,33,22166,336,0.3,1.5,3.3
,6 GANDHIBAGH ZONE 6,6852,44,43591,378,0.6,0.9,5.5
,7 SATRANJIPURA ZONE 7,5642,22,11427,140,0.4,1.2,2.5
,8 LAKADGANJ ZONE 8,10096,35,17091,270,0.3,1.6,2.7
,9 ASHI NAGAR ZONE 9,8744,45,21537,444,0.5,2.1,5.1
,MANGALWARI ZONE 10,20050,58,45720,998,0.3,2.2,5.0
July 2025 Total,,107488,424,295798,5981,0.4,2.0,5.6
August 2025,1 LAXMI NAGAR ZONE 1,23883,87,107228,3020,0.4,2.8,12.6
,2 DHARAMPETH ZONE 2,25751,105,55098,757,0.4,1.4,2.9
,3 HANUMAN NAGAR ZONE 3,38929,93,117234,1574,0.2,1.3,4.0
,4 DHANTOLI ZONE 4,32326,72,156962,1936,0.2,1.2,6.0
,5 NEHARU NAGAR ZONE 5,33944,86,92905,4598,0.3,4.9,13.5
,6 GANDHIBAGH ZONE 6,26770,99,122224,742,0.4,0.6,2.8
,7 SATRANJIPURA ZONE 7,10006,61,21153,234,0.6,1.1,2.3
,8 LAKADGANJ ZONE 8,16610,99,40543,574,0.6,1.4,3.5
,9 ASHI NAGAR ZONE 9,18015,109,75373,1801,0.6,2.4,10.0
,MANGALWARI ZONE 10,20273,91,64090,2077,0.4,3.2,10.2
August 2025 Total,,246507,902,852810,17313,0.4,2.0,7.0
September 2025,1 LAXMI NAGAR ZONE 1,23415,96,112600,1735,0.4,1.5,7.4
,2 DHARAMPETH ZONE 2,30220,117,65603,1107,0.4,1.7,3.7
,3 HANUMAN NAGAR ZONE 3,38200,101,113199,5846,0.3,5.2,15.3
,4 DHANTOLI ZONE 4,32632,77,156402,1924,0.2,1.2,5.9
,5 NEHARU NAGAR ZONE 5,25777,70,76034,1040,0.3,1.4,4.0
,6 GANDHIBAGH ZONE 6,27709,104,150552,923,0.4,0.6,3.3
,7 SATRANJIPURA ZONE 7,11525,65,25572,264,0.6,1.0,2.3
,8 LAKADGANJ ZONE 8,15787,94,37286,973,0.6,2.6,6.2
,9 ASHI NAGAR ZONE 9,19861,86,78376,1620,0.4,2.1,8.2
,MANGALWARI ZONE 10,24062,99,74842,1851,0.4,2.5,7.7
September 2025 Total,,249188,909,890466,17283,0.4,1.9,6.9
October 2025 Total,,174433,669,624987,7229,0.4,1.2,4.1
November 2025,1 LAXMI NAGAR ZONE 1,18385,75,86758,1339,0.4,1.5,7.3
,2 DHARAMPETH ZONE 2,19117,84,47610,447,0.4,0.9,2.3
,3 HANUMAN NAGAR ZONE 3,43195,94,129109,1804,0.2,1.4,4.2
,4 DHANTOLI ZONE 4,26175,69,118821,609,0.3,0.5,2.3
,5 NEHARU NAGAR ZONE 5,11326,45,33618,1286,0.4,3.8,11.4
,6 GANDHIBAGH ZONE 6,22721,98,113926,631,0.4,0.6,2.8
,7 SATRANJIPURA ZONE 7,1120,6,2425,24,0.5,1.0,2.1
,8 LAKADGANJ ZONE 8,14257,83,34475,585,0.6,1.7,4.1
,9 ASHI NAGAR ZONE 9,11519,58,41514,728,0.5,1.8,6.3
,MANGALWARI ZONE 10,14508,81,48600,709,0.6,1.5,4.9
November 2025 Total,,182323,693,656856,8162,0.4,1.2,4.5
December 2025,1 LAXMI NAGAR ZONE 1,1302,14,4221,76,1.1,1.8,5.8
,2 DHARAMPETH ZONE 2,9257,90,17502,40,1.0,0.2,0.4
,3 HANUMAN NAGAR ZONE 3,19465,95,58180,871,0.5,1.5,4.5
,4 DHANTOLI ZONE 4,6126,21,28880,97,0.3,0.3,1.6
,5 NEHARU NAGAR ZONE 5,18011,80,51478,805,0.4,1.6,4.5
,6 GANDHIBAGH ZONE 6,10631,103,51705,234,1.0,0.5,2.2
,8 LAKADGANJ ZONE 8,9258,63,15895,223,0.7,1.4,2.4
,MANGALWARI ZONE 10,3253,69,10627,77,2.1,0.7,2.4
December 2025 Total,,77303,535,238488,2423,0.7,1.0,3.1
January 2026,1 LAXMI NAGAR ZONE 1,2787,49,10982,95,1.8,0.9,3.4
,2 DHARAMPETH ZONE 2,6839,69,9586,28,1.0,0.3,0.4
,3 HANUMAN NAGAR ZONE 3,17187,102,52192,1994,0.6,3.8,11.6
,4 DHANTOLI ZONE 4,18207,75,101105,269,0.4,0.3,1.5
,5 NEHARU NAGAR ZONE 5,11044,39,31534,466,0.4,1.5,4.2
,6 GANDHIBAGH ZONE 6,15188,101,64445,305,0.7,0.5,2.0
,7 SATRANJIPURA ZONE 7,3693,18,7716,3,0.5,0.0,0.1
,8 LAKADGANJ ZONE 8,4323,32,6649,75,0.7,1.1,1.7
,9 ASHI NAGAR ZONE 9,4177,48,13353,373,1.1,2.8,8.9
,MANGALWARI ZONE 10,3333,46,11992,65,1.4,0.5,2.0
January 2026 Total,,86778,579,309554,3673,0.7,1.2,4.2
February 2026,1 LAXMI NAGAR ZONE 1,6943,68,28097,252,1.0,0.9,3.6
,2 DHARAMPETH ZONE 2,8447,84,13270,107,1.0,0.8,1.3
,3 HANUMAN NAGAR ZONE 3,25936,90,73849,971,0.3,1.3,3.7
,4 DHANTOLI ZONE 4,17715,69,95438,252,0.4,0.3,1.4
,5 NEHARU NAGAR ZONE 5,17474,64,47780,786,0.4,1.6,4.5
,6 GANDHIBAGH ZONE 6,11771,68,45062,950,0.6,2.1,8.1
,7 SATRANJIPURA ZONE 7,6827,33,14347,106,0.5,0.7,1.6
,8 LAKADGANJ ZONE 8,10854,77,20835,230,0.7,1.1,2.1
,9 ASHI NAGAR ZONE 9,4869,53,16265,85,1.1,0.5,1.7
,MANGALWARI ZONE 10,489,42,864,49,8.6,5.7,10.0
February 2026 Total,,111325,648,355807,3788,0.6,1.1,3.4
March 2026,1 LAXMI NAGAR ZONE 1,2771,39,10544,114,1.4,1.1,4.1
,2 DHARAMPETH ZONE 2,4532,70,7753,66,1.5,0.9,1.5
,3 HANUMAN NAGAR ZONE 3,22606,88,60832,1179,0.4,1.9,5.2
,4 DHANTOLI ZONE 4,15832,63,82238,248,0.4,0.3,1.6
,5 NEHARU NAGAR ZONE 5,15861,66,39280,976,0.4,2.5,6.2
,6 GANDHIBAGH ZONE 6,6058,40,19807,796,0.7,4.0,13.1
,7 SATRANJIPURA ZONE 7,6772,21,14077,115,0.3,0.8,1.7
,8 LAKADGANJ ZONE 8,9035,63,17019,188,0.7,1.1,2.1
,9 ASHI NAGAR ZONE 9,2120,26,7600,57,1.2,0.8,2.7
,MANGALWARI ZONE 10,319,27,1252,13,8.5,1.0,4.1
March 2026 Total,,85906,503,260402,3752,0.6,1.4,4.4
April 2026,1 LAXMI NAGAR ZONE 1,1332,28,5425,80,2.1,1.5,6.0
,2 DHARAMPETH ZONE 2,2856,55,4652,63,1.9,1.4,2.2
,3 HANUMAN NAGAR ZONE 3,21447,98,62208,654,0.5,1.1,3.0
,4 DHANTOLI ZONE 4,16141,68,83139,315,0.4,0.4,2.0
,5 NEHARU NAGAR ZONE 5,24064,75,68464,1026,0.3,1.5,4.3
,6 GANDHIBAGH ZONE 6,8660,53,26703,152,0.6,0.6,1.8
,8 LAKADGANJ ZONE 8,5100,40,9175,115,0.8,1.3,2.3
,9 ASHI NAGAR ZONE 9,1099,14,4272,29,1.3,0.7,2.6
,MANGALWARI ZONE 10,389,19,704,10,4.9,1.4,2.6
April 2026 Total,,81088,450,264742,2444,0.6,0.9,3.0
May 2026,1 LAXMI NAGAR ZONE 1,56,1,205,4,1.8,2.0,7.1
,3 HANUMAN NAGAR ZONE 3,16964,102,46050,524,0.6,1.1,3.1
,4 DHANTOLI ZONE 4,15029,69,75296,298,0.5,0.4,2.0
,5 NEHARU NAGAR ZONE 5,5741,21,16899,242,0.4,1.4,4.2
,6 GANDHIBAGH ZONE 6,2905,15,8642,38,0.5,0.4,1.3
,7 SATRANJIPURA ZONE 7,148,1,273,3,0.7,1.1,2.0
,8 LAKADGANJ ZONE 8,3501,25,6050,100,0.7,1.7,2.9
,9 ASHI NAGAR ZONE 9,601,10,1692,15,1.7,0.9,2.5
May 2026 Total,,44945,244,155107,1224,0.5,0.8,2.7
June 2026,1 LAXMI NAGAR ZONE 1,755,14,2644,59,1.9,2.2,7.8
,3 HANUMAN NAGAR ZONE 3,14356,99,34283,579,0.7,1.7,4.0
,4 DHANTOLI ZONE 4,16199,75,82390,330,0.5,0.4,2.0
,5 NEHARU NAGAR ZONE 5,8460,33,25290,387,0.4,1.5,4.6
,6 GANDHIBAGH ZONE 6,3405,25,12640,57,0.7,0.5,1.7
,8 LAKADGANJ ZONE 8,4561,32,7933,118,0.7,1.5,2.6
,9 ASHI NAGAR ZONE 9,1677,24,4591,42,1.4,0.9,2.5
,MANGALWARI ZONE 10,40,2,139,5,5.0,3.6,12.5
June 2026 Total,,49453,304,169910,1577,0.6,0.9,3.2
July 2026,1 LAXMI NAGAR ZONE 1,3767,53,13251,206,1.4,1.6,5.5
,2 DHARAMPETH ZONE 2,5835,118,13135,124,2.0,0.9,2.1
,3 HANUMAN NAGAR ZONE 3,14684,101,35419,372,0.7,1.1,2.5
,4 DHANTOLI ZONE 4,17122,81,85469,377,0.5,0.4,2.2
,5 NEHARU NAGAR ZONE 5,23258,81,69268,1003,0.3,1.4,4.3
,6 GANDHIBAGH ZONE 6,5691,39,19176,171,0.7,0.9,3.0
,8 LAKADGANJ ZONE 8,14669,83,22743,412,0.6,1.8,2.8
,9 ASHI NAGAR ZONE 9,11777,89,45366,334,0.8,0.7,2.8
,MANGALWARI ZONE 10,1401,13,4729,247,0.9,5.2,17.6
July 2026 Total,,98204,658,308556,3246,0.7,1.1,3.3
August 2026,1 LAXMI NAGAR ZONE 1,1203,13,6276,90,1.1,1.4,7.5
,2 DHARAMPETH ZONE 2,2980,31,7474,75,1.0,1.0,2.5
,3 HANUMAN NAGAR ZONE 3,9616,49,18859,222,0.5,1.2,2.3
,4 DHANTOLI ZONE 4,9526,35,47630,267,0.4,0.6,2.8
,5 NEHARU NAGAR ZONE 5,13856,36,41448,576,0.3,1.4,4.2
,6 GANDHIBAGH ZONE 6,3722,16,18143,144,0.4,0.8,3.9
,8 LAKADGANJ ZONE 8,8553,40,13989,224,0.5,1.6,2.6
,9 ASHI NAGAR ZONE 9,6652,39,27044,263,0.6,1.0,4.0
,MANGALWARI ZONE 10,3336,16,12326,447,0.5,3.6,13.4
August 2026 Total,,59444,275,193189,2308,0.5,1.2,3.9
Grand Total,,1654385,7793,5576672,80403,,,